tm,adv,coor,delay,adv.input,coor.input,delay.input,hyl,gyzjz,hyzzl,x12hyl,x12gyzjz,x12hyzzl,kyl,kyzzl,gdzctz,x12kyl,x12kyzzl,x12gdzctz,gc,ym,yy,hlfdl,x12gc,x12ym,x12yy,x12hlfdl
2001/1/1,0,0,0,0,0,0,1.120080619,11.46923275,967.9849103,0,0,0,0.822113944,2390.14273,716669.403,0,0,0,1226.861018,7687.99229,1694.751208,921.1748477,0,0,0,0
2001/2/1,0,0,0,0,0,0,1.13205471,11.28512412,969.9168794,1.019106927,1.475342672,1.01872863,0.833782151,2418.851374,718709.9488,1.039297258,1.179209082,1.167630052,1245.224839,7720.691294,1732.602199,935.3444187,1.01969743,1.010308113,1.058494629,1.053697233
2001/3/1,0,0,0,0,0,0,1.1431567,10.98626681,972.278677,1.017580226,1.38502286,1.016494002,0.84554722,2459.482346,721887.4043,1.029294608,1.184023764,1.175300254,1262.034209,7759.331117,1769.696623,949.4011614,1.01951293,1.010712307,1.04623508,1.048347128
2001/4/1,0,0,0,0,0,0,1.15296952,10.59686818,974.495228,1.015580694,1.301602942,1.014722949,0.856743357,2515.293499,725934.6838,1.023831835,1.18714459,1.177541349,1277.974847,7795.186331,1803.317008,962.9486797,1.015991571,1.01175355,1.03160288,1.042187371
2001/5/1,0,0,0,0,0,0,1.161011486,10.12534956,976.5483185,1.013414002,1.228238907,1.01230056,0.863608188,2578.865319,730446.8737,1.019538969,1.187537838,1.180019269,1291.672761,7827.186402,1826.822852,974.3633516,1.013466023,1.01290422,1.015042021,1.038882565
2001/6/1,0,0,0,0,0,0,1.168530462,9.632017944,978.625657,1.011617946,1.16177219,1.010590202,0.862352616,2625.85042,734731.7455,1.014792374,1.18451077,1.182485445,1301.798092,7864.997685,1835.449913,982.4469348,1.01174104,1.014438306,1.002435847,1.034935045
2001/7/1,0,0,0,0,0,0,1.17594954,9.169694755,981.127479,1.01029401,1.106645806,1.009319255,0.851857982,2641.307987,738384.2703,1.011255064,1.178589702,1.184579585,1308.91342,7925.498847,1827.311422,987.5278705,1.011122332,1.016636121,1.000383201,1.032324502
2001/8/1,0,0,0,0,0,0,1.183920404,8.814693054,984.7657046,1.009634953,1.071315014,1.009007316,0.834599492,2636.91783,743488.2184,1.009682053,1.171621358,1.185968656,1316.893459,8023.266565,1806.976054,991.4773496,1.011348039,1.019444766,1.009409537,1.032082429
2001/9/1,0,0,0,0,0,0,1.192783774,8.630914704,989.9821335,1.009464401,1.057866936,1.009148299,0.816424967,2624.828726,749601.4275,1.009895008,1.165931973,1.186450292,1329.198689,8153.686823,1783.895391,996.387531,1.013329702,1.022582696,1.019041291,1.03448701
2001/10/1,0,0,0,0,0,0,1.200694536,8.611202605,995.5848897,1.009723575,1.067595607,1.009919926,0.805693576,2604.560756,756431.3888,1.011500216,1.164884181,1.185983086,1347.750948,8303.800267,1761.560212,1001.615042,1.016253791,1.025069462,1.02684278,1.039397258
2001/11/1,0,0,0,0,0,0,1.205785113,8.722420504,1000.437543,1.010166457,1.09571369,1.011061953,0.805397902,2559.419706,761786.7977,1.013777627,1.16946401,1.184746593,1375.868698,8458.288791,1743.642475,1007.654731,1.019675247,1.026657776,1.029826001,1.045143877
2001/12/1,0,0,0,0,0,0,1.20730164,8.986005447,1004.629851,1.010598124,1.134125823,1.012214112,0.814603912,2490.501286,765177.5836,1.01624359,1.179016004,1.183104329,1412.212406,8607.759407,1736.132528,1015.343912,1.023146301,1.027236104,1.027122638,1.050820911
2002/1/1,0,0,0,0,0,0,1.206109834,9.406981095,1008.023544,1.01084342,1.172876603,1.013112701,0.82962329,2426.337396,766961.6753,1.018122851,1.191074505,1.181490661,1452.953284,8741.90428,1741.599794,1025.339458,1.025902088,1.026462732,1.025505863,1.055245504
2002/2/1,0,0,0,0,0,0,1.203937783,9.983204991,1010.985758,1.010823378,1.202442929,1.013576873,0.845943209,2408.246153,768080.3575,1.018762972,1.202457516,1.180928241,1492.673398,8850.501646,1759.716721,1038.544107,1.02743131,1.024592221,1.028390854,1.057497229
2002/3/1,0,0,0,0,0,0,1.202289111,10.68485405,1013.985733,1.01046296,1.216866973,1.013501848,0.859111639,2456.808234,769672.9741,1.018085461,1.209846463,1.182034653,1527.04566,8927.731301,1785.418362,1053.650345,1.027386508,1.022269784,1.029175222,1.056804089
2002/4/1,0,0,0,0,0,0,1.202034926,11.40250255,1017.08585,1.009688678,1.217383565,1.012930408,0.865592779,2551.77383,772648.6297,1.016373308,1.210589964,1.183888197,1554.976153,8980.053599,1811.210869,1068.783173,1.025912519,1.020117605,1.019509018,1.053205983
2002/5/1,0,0,0,0,0,0,1.203594822,12.02574927,1020.478316,1.008647175,1.206917663,1.012025815,0.864092151,2648.742835,777366.5825,1.014256523,1.204344077,1.18520935,1576.5409,9020.511349,1830.852034,1083.007523,1.022824344,1.018418936,1.00121513,1.04716468
2002/6/1,0,0,0,0,0,0,1.207961434,12.54761357,1024.807686,1.007391107,1.186262836,1.010790286,0.855650547,2713.656417,784626.228,1.012196428,1.193245349,1.184991204,1592.82456,9060.671502,1842.533329,1095.534207,1.018328567,1.017248788,0.98904794,1.039929346
2002/7/1,0,0,0,0,0,0,1.214982067,12.99558356,1029.794313,1.006027502,1.156166473,1.009337051,0.844214008,2736.442703,794025.5159,1.010324671,1.180952315,1.182582285,1606.11888,9117.410441,1850.482568,1107.425401,1.013253233,1.016736377,0.991771864,1.032297564
2002/8/1,0,0,0,0,0,0,1.223113305,13.41569514,1034.988855,1.004793717,1.119732222,1.007941538,0.834595472,2733.24476,801809.26,1.008633465,1.1714165,1.177860314,1619.866186,9200.88793,1858.9561,1120.104782,1.008449261,1.016680804,1.007224402,1.025209131
2002/9/1,0,0,0,0,0,0,1.229094725,13.84600386,1039.850182,1.003919716,1.081144182,1.006837371,0.830258925,2722.96597,804861.667,1.007240507,1.167280419,1.171367036,1636.519786,9324.885137,1872.738777,1135.245861,1.004433167,1.017093686,1.021982922,1.019334419
2002/10/1,0,0,0,0,0,0,1.232496902,14.34095224,1045.303212,1.003609394,1.046327824,1.00635673,0.829395416,2713.818272,800658.8345,1.006708512,1.168919138,1.163883879,1656.361203,9488.276559,1893.133381,1152.880595,1.001912869,1.018139314,1.021340234,1.015213157
2002/11/1,0,0,0,0,0,0,1.233522554,14.86517455,1051.32103,1.003911378,1.019838183,1.006520239,0.828548964,2706.297763,786368.584,1.007865257,1.173994496,1.156507602,1676.496631,9673.208987,1916.029117,1171.559295,1.000987281,1.019366109,1.011364796,1.013026167
2002/12/1,0,0,0,0,0,0,1.23391321,15.25094862,1057.318833,1.004637761,1.003004472,1.007162196,0.824054395,2703.662279,763385.1169,1.011087837,1.17875628,1.150489081,1698.955285,9862.564874,1935.220288,1188.249552,1.001675044,1.020174004,1.002840111,1.012277036
2003/1/1,0,0,0,0,0,0,1.237016898,15.40190818,1064.45112,1.005415446,0.995229347,1.007974514,0.810108149,2711.303762,736210.1065,1.01643319,1.179018491,1.146837164,1726.102373,10047.47143,1945.578068,1202.150217,1.00387573,1.0202675,1.001450551,1.012848356
2003/2/1,0,0,0,0,0,0,1.245261614,15.36311484,1073.6143,1.00615187,0.994937938,1.008854634,0.785364482,2711.127472,711241.1737,1.023385755,1.173466279,1.146397268,1757.989565,10236.92425,1946.805282,1213.242927,1.007196517,1.019721419,1.002474962,1.014301219
2003/3/1,0,0,0,0,0,0,1.259146359,15.28675834,1084.853564,1.006861349,1.000362596,1.009782107,0.755220966,2677.418001,693536.9129,1.031100526,1.164318678,1.150037752,1798.174734,10430.72962,1944.51259,1225.030962,1.011364568,1.018792859,1.006607083,1.015990674
2003/4/1,0,0,0,0,0,0,1.276478633,15.32055653,1097.728901,1.007537897,1.010810962,1.01064617,0.72997302,2604.169418,685299.1679,1.039232344,1.155858449,1.156673343,1844.668141,10609.83656,1947.247155,1240.455903,1.015684158,1.017933061,1.016047698,1.017806143
2003/5/1,0,0,0,0,0,0,1.292913563,15.51595134,1110.683041,1.008075421,1.024775136,1.011296209,0.718921906,2515.378286,685623.0547,1.046975273,1.152359744,1.164863383,1894.572955,10760.41051,1960.538848,1258.67564,1.01992926,1.017571611,1.028580444,1.019604816
2003/6/1,0,0,0,0,0,0,1.304302302,15.86704752,1121.220397,1.008321863,1.040162384,1.011784211,0.727768029,2449.706874,690825.356,1.053157304,1.155898262,1.173201189,1944.841767,10882.24183,1986.340674,1279.958506,1.023468723,1.018132793,1.035185172,1.020527416
2003/7/1,0,0,0,0,0,0,1.310269358,16.33712293,1129.106663,1.008067009,1.054751733,1.011980262,0.754701794,2433.087796,698574.4427,1.056939994,1.165835362,1.180225781,1992.127421,10984.32245,2021.270434,1301.607105,1.025817568,1.019574199,1.033817183,1.019859626
2003/8/1,0,0,0,0,0,0,1.31314808,16.84457419,1135.02975,1.007217425,1.064936941,1.011836668,0.791139154,2456.005841,709710.74,1.057923935,1.178219191,1.18482616,2035.614992,11081.81884,2060.865058,1319.719157,1.026641838,1.021562626,1.021479404,1.016990475
2003/9/1,0,0,0,0,0,0,1.316504322,17.28039841,1140.180278,1.005891533,1.068611474,1.011551775,0.826355943,2499.893898,723171.4476,1.056105609,1.187734178,1.186547034,2076.929046,11198.27546,2100.247021,1333.721468,1.025799403,1.023784418,1.008725774,1.011991866
2003/10/1,0,0,0,0,0,0,1.323362479,17.59709849,1146.052341,1.004415423,1.06468045,1.011151075,0.851564923,2563.265123,734732.3225,1.051808226,1.188862928,1.185288295,2118.628855,11351.62387,2134.217567,1344.635508,1.023643891,1.02610142,1.002888145,1.00529442
2003/11/1,0,0,0,0,0,0,1.333642296,17.84031096,1153.797084,1.003219754,1.053891219,1.010781163,0.863353159,2657.320068,741261.8839,1.045568991,1.180265099,1.181757201,2161.745412,11564.07898,2160.978657,1355.975271,1.020913454,1.028194634,1.008600709,0.997944723
2003/12/1,0,0,0,0,0,0,1.345787922,18.10301914,1163.635691,1.002658373,1.038743255,1.010704009,0.864412569,2769.344133,740352.5867,1.038090343,1.166592687,1.177576443,2203.541171,11824.16633,2180.726398,1370.545436,1.018391129,1.029694201,1.019809414,0.991400247
2004/1/1,0,0,0,0,0,0,1.356617662,18.31340758,1174.291847,1.002968095,1.022618989,1.011152381,0.863829211,2866.295286,732707.1035,1.030244284,1.154279088,1.174448434,2237.873308,12090.49295,2196.853946,1387.548966,1.016978775,1.030536542,1.028225669,0.986696281
2004/2/1,0,0,0,0,0,0,1.364618368,18.31062666,1184.784561,1.00399177,1.008478001,1.012039963,0.868514307,2930.022528,721745.7958,1.023249873,1.147481502,1.173427738,2264.690812,12328.01904,2211.434078,1404.776794,1.017093896,1.030732265,1.029824904,0.984644333
2004/3/1,0,0,0,0,0,0,1.371166314,18.03541625,1194.710515,1.005362611,0.998349305,1.013155201,0.879395987,2968.864943,711677.337,1.017850185,1.147826645,1.174250833,2284.335254,12531.04345,2226.266784,1420.358242,1.018410124,1.030135397,1.024213434,0.985768053
2004/4/1,0,0,0,0,0,0,1.379124634,17.54771772,1204.650332,1.006729814,0.992142364,1.014173763,0.892914252,3005.912322,706145.9425,1.014243945,1.154678142,1.175879863,2303.811543,12711.61834,2242.185795,1431.781346,1.020527146,1.028427154,1.015833111,0.98995451
2004/5/1,0,0,0,0,0,0,1.391185326,17.0092332,1216.372412,1.007939018,0.98860705,1.014761224,0.903874525,3053.863055,707403.5144,1.012216411,1.164629446,1.178092591,2334.038661,12882.29383,2258.080374,1441.888093,1.023032085,1.025715447,1.013321542,0.996403822
2004/6/1,0,0,0,0,0,0,1.406661934,16.51375761,1230.630707,1.008864207,0.987359392,1.014626896,0.907564166,3101.886783,714885.2326,1.011357525,1.173379007,1.181102807,2382.473586,13052.59651,2273.468047,1452.266187,1.025706562,1.022190915,1.014504255,1.003822821
2004/7/1,0,0,0,0,0,0,1.423078129,16.1114227,1246.061415,1.009576891,0.988827455,1.013907072,0.902431124,3132.881378,725623.4619,1.011296585,1.177193679,1.184685226,2451.800743,13212.61702,2288.610685,1464.617251,1.028236305,1.01846128,1.01627262,1.010704085
2004/8/1,0,0,0,0,0,0,1.438407643,15.8286792,1260.706585,1.010051906,0.99421735,1.012729615,0.890218811,3143.188817,739061.9467,1.011726683,1.175798535,1.188710307,2533.649894,13359.13139,2303.467242,1483.258642,1.029799335,1.015272726,1.016970989,1.016051159
2004/9/1,0,0,0,0,0,0,1.455418061,15.66282654,1274.800189,1.010256316,1.003257264,1.011317741,0.876724529,3144.065634,753078.8353,1.012584187,1.171862111,1.192973877,2616.116412,13479.69854,2316.912422,1505.669025,1.029910953,1.013193781,1.018445494,1.019111204
2004/10/1,0,0,0,0,0,0,1.478071307,15.50939815,1287.726111,1.010133232,1.014744478,1.009832566,0.869603803,3133.014949,769236.2259,1.01388047,1.169184018,1.196506358,2690.841355,13562.14681,2332.301576,1529.990866,1.028553952,1.012227984,1.021282508,1.019748154
2004/11/1,0,0,0,0,0,0,1.510461928,15.28412334,1300.324181,1.009560782,1.026438461,1.008242427,0.873816957,3114.399619,791860.9251,1.015348009,1.170024939,1.198764715,2752.377848,13601.17133,2350.969444,1552.750814,1.025815903,1.012189444,1.018752033,1.018305923
2004/12/1,0,0,0,0,0,0,1.552754846,15.02212857,1313.97001,1.008618093,1.036883535,1.006601014,0.889183053,3105.418529,824329.5935,1.016596115,1.173119414,1.199998054,2800.243091,13623.30292,2371.180334,1571.136524,1.022413664,1.013128008,1.014001257,1.015637712
2005/1/1,0,0,0,0,0,0,1.599974194,14.84699232,1329.010015,1.007646313,1.045186975,1.005150891,0.911179025,3123.013441,868176.0784,1.017531298,1.176839266,1.200530284,2838.303312,13680.30813,2388.088578,1584.873667,1.018771319,1.014908278,1.007323406,1.012545773
2005/2/1,0,0,0,0,0,0,1.6449921,14.8529738,1345.162516,1.007038367,1.051520782,1.00431397,0.933968518,3174.42865,921007.4884,1.017637106,1.179965835,1.200242753,2870.14324,13806.81798,2399.221926,1594.541335,1.015757043,1.017200006,1.002769589,1.01004369
2005/3/1,0,0,0,0,0,0,1.680493782,15.02557835,1361.285608,1.006928887,1.056031299,1.004169497,0.953242875,3249.521929,975531.6045,1.017119237,1.18141904,1.198240996,2900.31082,14017.72831,2403.671825,1600.318419,1.014028959,1.019626503,1.000145951,1.008604002
2005/4/1,0,0,0,0,0,0,1.702465045,15.29248249,1374.836277,1.007423031,1.058916715,1.004702551,0.965713923,3325.935574,1022693.169,1.016184803,1.180540173,1.19445616,2936.099792,14300.84446,2405.116184,1606.264649,1.013944778,1.02200506,1.000919463,1.008824599
2005/5/1,0,0,0,0,0,0,1.713044006,15.57417675,1383.831621,1.008386218,1.058299715,1.005979753,0.970535182,3382.737966,1058193.905,1.014982009,1.177816472,1.19133023,2979.460312,14622.99599,2409.672811,1614.306114,1.015244153,1.023954758,1.0016036,1.010211758
2005/6/1,0,0,0,0,0,0,1.719295713,15.82244401,1389.668314,1.009736149,1.053152491,1.008049312,0.969282772,3414.513202,1082107.014,1.013910385,1.174596602,1.189628554,3030.080222,14942.60244,2418.37177,1624.572027,1.01736741,1.025291079,1.004156015,1.012379648
2005/7/1,0,0,0,0,0,0,1.729442063,16.0246378,1395.497381,1.011390659,1.04273837,1.010711685,0.964826009,3430.389818,1098857.295,1.013420481,1.171964389,1.190663044,3087.194307,15235.59926,2427.107408,1638.620932,1.019928142,1.025742103,1.005022145,1.014648269
2005/8/1,0,0,0,0,0,0,1.746813721,16.17858483,1403.641203,1.013282774,1.027813654,1.013715925,0.961401926,3432.056077,1110648.535,1.013759572,1.170149106,1.195710678,3149.908356,15481.51214,2432.416388,1653.155231,1.022215048,1.025308812,1.004555295,1.016548233
2005/9/1,0,0,0,0,0,0,1.768430698,16.36223731,1412.623958,1.015207845,1.010595572,1.016567441,0.962760966,3425.291786,1129862.248,1.01481589,1.168868605,1.202987179,3216.800558,15686.15842,2434.766334,1667.740023,1.024032212,1.023990479,0.999108726,1.017748211
2005/10/1,0,0,0,0,0,0,1.788306854,16.64052136,1421.195371,1.016960637,0.993436544,1.018744359,0.968967569,3426.73482,1172966.529,1.016254364,1.168801553,1.211715907,3282.401228,15870.58876,2436.492945,1682.719744,1.025074056,1.021893051,0.99615877,1.018447654
2005/11/1,0,0,0,0,0,0,1.803083281,16.97536725,1429.591414,1.018331154,0.978400123,1.020095445,0.979601063,3447.667869,1237094.564,1.017450028,1.16949342,1.220353646,3346.879719,16059.8548,2440.316089,1698.115904,1.025451787,1.019337896,0.999694254,1.018842977
2005/12/1,0,0,0,0,0,0,1.811891497,17.23672695,1437.659316,1.019129851,0.966809009,1.020752491,0.993454148,3485.416228,1322545.583,1.018081635,1.17055648,1.226649706,3416.425943,16270.78264,2449.116954,1715.372805,1.025240584,1.016972536,1.006377565,1.019191533
2006/1/1,0,0,0,0,0,0,1.817278792,17.39001103,1446.029274,1.019283076,0.959055067,1.020788075,1.00879159,3526.115999,1429922.522,1.017924806,1.171958623,1.229830977,3497.833788,16491.53847,2462.773072,1735.361574,1.024738279,1.014998547,1.010477958,1.019577201
2006/2/1,0,0,0,0,0,0,1.821973935,17.45059943,1454.659191,1.018821722,0.955147318,1.020155964,1.024213089,3557.912259,1538320.125,1.017000134,1.173628948,1.22883549,3588.370372,16687.20138,2478.152111,1757.741987,1.024219113,1.013585416,1.010515609,1.020181786
2006/3/1,0,0,0,0,0,0,1.82853785,17.41707057,1462.310672,1.018034242,0.955067886,1.019067847,1.038172874,3581.871184,1635731.565,1.015346685,1.17515169,1.222742016,3675.374991,16829.51256,2489.969979,1783.038394,1.024263331,1.012768625,1.006157798,1.021192601
2006/4/1,0,0,0,0,0,0,1.839928204,17.30339235,1469.482596,1.01714796,0.956972475,1.017658779,1.04864999,3607.423918,1708334.315,1.013482973,1.176081443,1.212307482,3744.547475,16913.24814,2495.440521,1810.546539,1.025335,1.012473315,1.001481268,1.022077451
2006/5/1,0,0,0,0,0,0,1.855633508,17.11481403,1477.647106,1.016179787,0.96042492,1.01605284,1.054849271,3643.804634,1742755.436,1.011881523,1.1761653,1.199005376,3793.947481,16975.83349,2493.799969,1839.802532,1.0276411,1.012625183,0.99825559,1.022852513
2006/6/1,0,0,0,0,0,0,1.874867941,16.86302409,1487.594305,1.015182326,0.965544031,1.01449976,1.056747771,3687.861851,1745773.655,1.010866404,1.175291599,1.185032917,3831.880159,17045.27731,2491.848413,1872.453018,1.031036739,1.013377098,0.999039521,1.023298692
2006/7/1,0,0,0,0,0,0,1.895673839,16.57267293,1499.313993,1.014139574,0.972028396,1.013215194,1.05643937,3720.602163,1735712.611,1.010919925,1.174774942,1.171781564,3868.875028,17172.25748,2496.856185,1909.570986,1.034806444,1.014929708,1.000124129,1.023622935
2006/8/1,0,0,0,0,0,0,1.9180232,16.23840309,1514.970268,1.013070268,0.979242531,1.012403458,1.056086138,3739.794415,1721821.297,1.012069404,1.17321177,1.159540631,3917.348497,17381.04877,2513.437198,1952.236745,1.038185236,1.017107708,1.00416896,1.024219729
2006/9/1,0,0,0,0,0,0,1.941735309,15.79662227,1536.29443,1.012039115,0.986734789,1.012203454,1.056658648,3750.720296,1706134.465,1.014310499,1.171072861,1.150279821,3983.470012,17664.26385,2539.249148,2001.099868,1.040702865,1.01977307,1.010928561,1.025370433
2006/10/1,0,0,0,0,0,0,1.962556113,15.28726654,1561.807447,1.010977731,0.99373242,1.012463177,1.059792321,3753.52015,1687789.105,1.017431583,1.16922394,1.144318864,4068.412756,17950.96453,2569.671667,2050.379188,1.041808669,1.022493128,1.015615869,1.027015694
2006/11/1,0,0,0,0,0,0,1.975834932,14.89893528,1584.89693,1.00988547,0.999979794,1.012964714,1.064498321,3740.789069,1678831.546,1.021003831,1.16858804,1.142870814,4167.659705,18183.85793,2599.327655,2093.506001,1.041225868,1.025050698,1.016098117,1.028992774
2006/12/1,0,0,0,0,0,0,1.980126759,14.76318264,1600.659888,1.008925282,1.00609548,1.013480651,1.0699316,3718.675555,1683641.238,1.024553569,1.170233435,1.145077017,4261.580777,18324.71488,2624.008531,2125.08835,1.038906818,1.02704431,1.011157298,1.030824647
2007/1/1,0,0,0,0,0,0,1.978360909,14.92002487,1608.206897,1.008078643,1.012668003,1.013896501,1.07474905,3706.225798,1689319.917,1.027439348,1.173542986,1.147452179,4339.287141,18386.67288,2644.663359,2147.721954,1.0349001,1.028112248,1.004704148,1.032466888
2007/2/1,0,0,0,0,0,0,1.976456434,15.349838,1610.142388,1.007334224,1.019871727,1.013997971,1.079548902,3725.211932,1712812.509,1.029668463,1.177565951,1.148115002,4404.795327,18427.20713,2662.680131,2166.376033,1.029865102,1.028077177,1.001924812,1.033713929
2007/3/1,0,0,0,0,0,0,1.979578212,15.97421867,1610.574397,1.006750113,1.026685503,1.013679781,1.086254132,3782.249052,1750982.561,1.031287463,1.18116087,1.14735446,4463.987645,18491.49868,2681.37121,2186.968161,1.024060371,1.027013412,1.006251461,1.034189893
2007/4/1,0,0,0,0,0,0,1.988953702,16.64977515,1611.892554,1.00653227,1.031924912,1.013034533,1.096762717,3862.825327,1800112.138,1.03184719,1.183168837,1.147468714,4526.600023,18610.70441,2700.325444,2211.44193,1.018022934,1.025219123,1.010856893,1.033675248
2007/5/1,0,0,0,0,0,0,2.003379715,17.25553011,1614.260463,1.006855941,1.033971954,1.012412032,1.110962272,3940.853154,1863402.286,1.031411305,1.183023761,1.149892805,4598.518417,18781.08506,2717.169481,2238.866633,1.012175255,1.023051901,1.011349924,1.031611564
2007/6/1,0,0,0,0,0,0,2.019531415,17.72058107,1618.805597,1.007767112,1.032401017,1.012087285,1.126810902,3998.96461,1926859.858,1.030227244,1.180847044,1.153618133,4676.708731,18975.83868,2728.824522,2267.213575,1.007236194,1.020914992,1.008746154,1.028104287
2007/7/1,0,0,0,0,0,0,2.033906578,18.02250672,1627.231475,1.009070134,1.02787047,1.012016664,1.143255827,4037.899124,1979850.204,1.028143436,1.177209856,1.159913449,4758.98284,19170.39676,2735.297031,2291.949962,1.003636724,1.019044724,1.00546308,1.023758321
2007/8/1,0,0,0,0,0,0,2.046240337,18.20206314,1638.994871,1.01045044,1.021145231,1.012208121,1.157431906,4062.431375,2021248.935,1.025363924,1.175030483,1.166657822,4839.609783,19344.59526,2739.928627,2312.532876,1.001613911,1.017692012,1.005257092,1.019256229
2007/9/1,0,0,0,0,0,0,2.057584724,18.26492243,1651.138685,1.011578859,1.013060748,1.01242422,1.167056152,4082.069575,2048123.518,1.022169381,1.17503785,1.172155225,4906.274983,19527.9331,2749.767609,2328.275464,1.001375759,1.016892237,1.008147354,1.015442253
2007/10/1,0,0,0,0,0,0,2.071278576,18.18476907,1662.874768,1.012293824,1.004750223,1.012748362,1.173066453,4086.652826,2062907.093,1.018552365,1.174925849,1.177689882,4948.509825,19750.32081,2768.997079,2340.16981,1.002558769,1.016605723,1.009730027,1.012568758
2007/11/1,0,0,0,0,0,0,2.088710238,17.91989148,1675.765922,1.012606195,0.997704967,1.013475346,1.178411373,4073.093277,2068815.322,1.015023889,1.175170517,1.182921488,4964.244503,20025.2351,2796.717414,2352.165671,1.004513817,1.016949213,1.007082905,1.01024803
2007/12/1,0,0,0,0,0,0,2.107661986,17.51122371,1690.164756,1.012424601,0.99177388,1.014517244,1.183427585,4066.231639,2086260.246,1.011917104,1.174636704,1.189215554,4968.53419,20338.00478,2826.539104,2368.747616,1.006212112,1.017665847,1.001536552,1.008570185
2008/1/1,0,0,0,0,0,0,2.125407823,17.03323292,1704.861594,1.011783964,0.985798032,1.015402061,1.18828485,4095.542577,2125113.88,1.009559612,1.172874371,1.197309951,4974.89268,20696.30426,2851.463068,2385.071014,1.006872619,1.018247553,0.993761519,1.006969263
2008/2/1,0,0,0,0,0,0,2.139225146,16.57849887,1718.314187,1.010534639,0.978527706,1.015706962,1.194012255,4163.750043,2186222.271,1.00792111,1.170762033,1.205437365,4988.491948,21069.45785,2867.101364,2401.631208,1.00595307,1.018376888,0.981843259,1.004889201
2008/3/1,0,0,0,0,0,0,2.148038127,16.2128559,1731.024837,1.008505951,0.969074283,1.015078262,1.198606043,4248.680841,2287470.941,1.007118468,1.16889542,1.212956537,5010.137855,21401.68053,2875.279205,2416.375714,1.003296363,1.017484129,0.979740617,1.001855429
2008/4/1,0,0,0,0,0,0,2.15207784,15.9232765,1744.29586,1.005627655,0.957127538,1.013172885,1.203294247,4321.231063,2456009.697,1.007340218,1.167826496,1.219416241,5023.148129,21678.7128,2880.110485,2424.773473,0.999262301,1.015541086,0.995088428,0.99751369
2008/5/1,0,0,0,0,0,0,2.153328231,15.52804587,1757.538684,1.00208915,0.945275459,1.00994951,1.208508758,4361.646228,2698670.567,1.008178521,1.167562763,1.223542045,5004.497383,21880.2124,2885.460224,2424.830859,0.994655256,1.012677595,1.02058234,0.992306762
2008/6/1,0,0,0,0,0,0,2.152958342,14.85734524,1766.69828,0.998432058,0.934619819,1.00572936,1.214776207,4373.101316,3002464.162,1.009131945,1.168221951,1.225128879,4945.274911,22010.34756,2889.145525,2410.223775,0.989947388,1.008984357,1.040292374,0.986522593
2008/7/1,0,0,0,0,0,0,2.149713503,13.8500901,1765.81718,0.99517761,0.926240023,1.000977158,1.220565526,4378.619239,3310231.635,1.010176342,1.169633746,1.223360619,4851.143825,22025.77253,2886.235387,2375.672207,0.985549855,1.004370585,1.050697039,0.980786599
2008/8/1,0,0,0,0,0,0,2.138768635,12.56201552,1749.584109,0.992833973,0.921869637,0.99622563,1.226204016,4378.536033,3584202.235,1.010670949,1.170479435,1.219698466,4738.081462,21905.16472,2872.620832,2322.874801,0.982451499,0.999585048,1.04482417,0.975863767
2008/9/1,0,0,0,0,0,0,2.116980375,11.16832995,1719.514131,0.991786078,0.922581512,0.992110421,1.233521209,4367.214027,3849773.328,1.010237591,1.170100156,1.216136318,4643.456274,21679.28172,2845.55283,2258.635284,0.981361897,0.99552565,1.022233345,0.97212184
2008/10/1,0,0,0,0,0,0,2.085368562,9.888905038,1681.856004,0.992254543,0.929240544,0.989358339,1.240259217,4361.619269,4123997.642,1.008974145,1.168329609,1.21188005,4604.969426,21468.08483,2809.61349,2200.97368,0.982921668,0.992728394,0.984425733,0.969637679
2008/11/1,0,0,0,0,0,0,2.04963646,8.848862972,1644.547966,0.994224456,0.942094588,0.988444639,1.244927267,4391.545738,4413608.175,1.006673181,1.163995538,1.206533591,4634.031593,21383.80415,2778.050404,2161.831076,0.987290244,0.9916354,0.94303659,0.968843124
2008/12/1,0,0,0,0,0,0,2.01827298,8.123661884,1615.460345,0.997535789,0.960788389,0.989699591,1.250802169,4443.306661,4702040.952,1.003808908,1.15870397,1.19835113,4717.023526,21483.43097,2763.665756,2144.584836,0.994047165,0.992204891,0.916156256,0.969847995
2009/1/1,0,0,0,0,0,0,1.999420729,7.725703744,1599.730991,1.001677724,0.985035343,0.992789543,1.257826206,4480.598785,4984947.684,1.001105134,1.153928398,1.187118522,4833.334019,21794.61099,2774.890582,2152.265944,1.002411809,0.994505441,0.920794721,0.972865281
2009/2/1,0,0,0,0,0,0,1.997989206,7.610591889,1598.37429,1.006199549,1.013437602,0.997087206,1.262083076,4482.836479,5255839.479,0.999478212,1.150714996,1.175344188,4969.887471,22315.09211,2815.008776,2183.588488,1.011372484,0.997918068,0.958993918,0.977507958
2009/3/1,0,0,0,0,0,0,2.014983348,7.733471027,1610.063941,1.010634559,1.043586578,1.002052954,1.264310587,4452.246544,5482990.805,0.998657586,1.150957035,1.165115164,5120.936741,22991.97268,2880.720839,2227.861613,1.019732667,1.002259331,1.011505896,0.983638286
2009/4/1,0,0,0,0,0,0,2.046993672,8.087282277,1630.860702,1.014531877,1.07254331,1.007041685,1.26254035,4413.332746,5634753.552,0.99857177,1.15509528,1.157300247,5288.012658,23691.63853,2963.382318,2281.67648,1.026214771,1.006823122,1.057261493,0.990602037
2009/5/1,0,0,0,0,0,0,2.087826283,8.770181966,1658.645183,1.017524187,1.097180854,1.01149769,1.258088346,4396.751902,5708931.458,0.99955102,1.162031522,1.149866369,5474.428896,24305.19935,3053.005809,2338.608173,1.030000423,1.01130629,1.093742769,0.998064973
2009/6/1,0,0,0,0,0,0,2.129792048,9.825631462,1689.971272,1.019348261,1.115598304,1.014856451,1.255650141,4413.048307,5699780.511,1.001390364,1.169357438,1.142161479,5677.283519,24825.70209,3139.52762,2402.291054,1.031094852,1.01520886,1.123064759,1.005887986
2009/7/1,0,0,0,0,0,0,2.168715554,11.21948188,1722.195484,1.019921733,1.127077019,1.016824854,1.257185633,4439.435574,5621257.076,1.004069153,1.174961999,1.134356584,5889.102897,25251.40584,3213.87175,2480.783307,1.030023964,1.018256046,1.141578708,1.013815188
2009/8/1,0,0,0,0,0,0,2.203087806,12.81683527,1755.156367,1.019376882,1.130982504,1.017470556,1.263081333,4456.332468,5511706.678,1.007800933,1.174431573,1.126687189,6097.374187,25660.33409,3270.236689,2573.12297,1.027779638,1.020009408,1.143203435,1.0210094
2009/9/1,0,0,0,0,0,0,2.233322465,14.35682834,1786.263006,1.018030692,1.127439494,1.017019487,1.271524037,4452.254222,5405878.999,1.012231282,1.168579374,1.119486001,6280.915314,26055.72346,3308.622483,2671.105829,1.024937435,1.020226081,1.115945918,1.026447274
2009/10/1,0,0,0,0,0,0,2.260818105,15.58804685,1811.171322,1.016279351,1.117246072,1.01599021,1.283055161,4443.857896,5324588.887,1.017068903,1.162689092,1.114592631,6410.084504,26458.47094,3332.28209,2756.99166,1.021752248,1.019614569,1.044748636,1.029561783
2009/11/1,0,0,0,0,0,0,2.287618515,16.42658533,1829.573636,1.014417429,1.101290564,1.014595616,1.295945428,4434.904556,5324141.7,1.02188782,1.161953962,1.113261553,6484.295908,26852.06291,3346.055254,2818.750213,1.018392325,1.018434655,0.941645567,1.030631793
2009/12/1,0,0,0,0,0,0,2.314772479,16.9569605,1843.735556,1.012528648,1.080437114,1.01287045,1.307958402,4445.100783,5408276.89,1.026197078,1.167963168,1.11600978,6523.56191,27207.01208,3359.110518,2856.244406,1.014909529,1.016506898,0.850653423,1.02952194
2010/1/1,0,0,0,0,0,0,2.341229885,17.20570376,1856.454478,1.010760186,1.056913195,1.011071653,1.319694711,4491.165709,5577740.64,1.029676743,1.179000289,1.122879063,6550.127271,27443.60857,3377.450245,2869.110202,1.011893903,1.014421555,0.812120599,1.026447673
2010/2/1,0,0,0,0,0,0,2.364981669,17.17607497,1868.699569,1.009089005,1.033245332,1.009315517,1.333634626,4573.504648,5764004.164,1.031679752,1.190780479,1.132951966,6572.470945,27527.05506,3402.397347,2854.140854,1.00954622,1.012836653,0.849443862,1.021981454
2010/3/1,0,0,0,0,0,0,2.384011575,16.91610539,1879.482094,1.007653753,1.012036919,1.007598366,1.349524751,4677.503279,5976585.111,1.032020132,1.197846392,1.144960043,6602.808258,27543.33502,3429.904541,2822.85583,1.008091501,1.011788072,0.949744558,1.016887503
2010/4/1,0,0,0,0,0,0,2.39775742,16.45513322,1887.730157,1.006496232,0.995557059,1.006125661,1.364732904,4782.469931,6238972.276,1.030727383,1.197665998,1.156732397,6640.682745,27612.84725,3454.043308,2788.837578,1.007620917,1.011497616,1.071332522,1.011987426
2010/5/1,0,0,0,0,0,0,2.406914526,15.81982346,1892.591928,1.005586571,0.985105009,1.005025097,1.378020336,4876.066436,6581804.447,1.027737063,1.192297783,1.167391073,6666.930793,27782.1732,3473.748809,2759.795249,1.008121295,1.011658845,1.176951622,1.00803859
2010/6/1,0,0,0,0,0,0,2.413763433,15.07264302,1895.249186,1.004821505,0.980403695,1.004249673,1.386919198,4951.359706,6996546.516,1.023560627,1.185788169,1.17611752,6669.064667,28054.33614,3492.282028,2742.124958,1.009188699,1.012145729,1.250329113,1.005407542
2010/7/1,0,0,0,0,0,0,2.418766028,14.33320796,1896.569864,1.004146042,0.980607994,1.003799048,1.393297688,4999.727882,7428509,1.018893298,1.181010103,1.180793751,6645.755781,28476.88944,3514.335687,2733.641173,1.010804497,1.013116904,1.287458781,1.004434408
2010/8/1,0,0,0,0,0,0,2.422833487,13.72654997,1896.570454,1.003635005,0.984659431,1.003800259,1.398452018,5028.973159,7796047.472,1.013950696,1.179168062,1.180478627,6615.78992,28993.6722,3544.3612,2736.30239,1.012938921,1.014749786,1.285500406,1.005202012
2010/9/1,0,0,0,0,0,0,2.428355969,13.41488236,1898.813355,1.003407776,0.990790388,1.004538916,1.405103136,5024.747441,8041456.337,1.009674378,1.179068465,1.174420093,6611.066656,29493.96087,3583.197066,2752.989148,1.015222446,1.016640454,1.233673423,1.007206926
2010/10/1,0,0,0,0,0,0,2.437833784,13.41324639,1908.64838,1.003500112,0.997321676,1.006062363,1.414786006,4947.445577,8187962.131,1.006705198,1.17484478,1.162017267,6663.717323,29915.8537,3626.209459,2783.903511,1.017371298,1.018468752,1.109156617,1.010131951
2010/11/1,0,0,0,0,0,0,2.452055703,13.57866338,1925.864771,1.003844028,1.00302307,1.008064263,1.428704151,4825.264416,8248122.748,1.004960762,1.167606451,1.143415086,6768.758199,30219.08545,3666.432963,2825.948548,1.019185003,1.019803049,0.931354303,1.013823359
2010/12/1,0,0,0,0,0,0,2.470826444,13.72712197,1946.708397,1.004295025,1.007841883,1.010102937,1.447779411,4751.287779,8184099.96,1.005101592,1.162503132,1.119477372,6900.33244,30456.49061,3698.478874,2874.098559,1.020653191,1.020636492,0.771828058,1.01776586
2011/1/1,0,0,0,0,0,0,2.493425098,13.83859987,1967.521109,1.004627908,1.011211806,1.011642403,1.468732049,4802.299563,8002105.604,1.006914304,1.162735722,1.091712974,7031.734789,30679.61503,3720.655211,2932.703996,1.021368191,1.020810082,0.695727042,1.021246529
2011/2/1,0,0,0,0,0,0,2.518465114,13.97263401,1987.896181,1.00481288,1.01196793,1.012571678,1.490758624,4980.549895,7722105.285,1.009482237,1.167959162,1.063115631,7143.247365,30935.91897,3735.105014,3002.742947,1.021024297,1.020020878,0.744334093,1.023558293
2011/3/1,0,0,0,0,0,0,2.543581761,14.10341748,2007.946783,1.004759333,1.009933253,1.012690959,1.511982448,5210.195729,7346642.793,1.011936355,1.174481303,1.036442356,7225.237397,31247.02709,3745.562289,3077.364199,1.019374586,1.018164372,0.904300101,1.024475738
2011/4/1,0,0,0,0,0,0,2.567030072,14.21610097,2027.889201,1.004436974,1.005551673,1.011881996,1.530002767,5394.449232,6829719.519,1.013934236,1.178694802,1.014175632,7284.99989,31564.41046,3753.885464,3147.572125,1.016347573,1.01487465,1.118792272,1.024180277
2011/5/1,0,0,0,0,0,0,2.586352383,14.32184104,2046.418213,1.003922395,1.000540609,1.010136862,1.546372662,5487.302504,6172644.736,1.014963456,1.181228472,0.999710959,7346.111254,31877.9877,3755.700231,3211.311495,1.012418777,1.010448182,1.340436063,1.022946462
2011/6/1,0,0,0,0,0,0,2.598885231,14.37800235,2061.088672,1.00328363,0.99597622,1.00768866,1.561840664,5533.146257,5443535.611,1.014942894,1.185569221,0.994687901,7407.31098,32105.67607,3748.523399,3258.626473,1.008313617,1.005114442,1.510482879,1.020714959
2011/7/1,0,0,0,0,0,0,2.604277258,14.29937123,2070.357741,1.002648381,0.9917722,1.004989866,1.574715641,5602.921938,4759621.97,1.013753534,1.190191346,0.99941363,7452.83977,32100.60101,3735.514519,3281.780856,1.004414849,0.999634677,1.58177226,1.017361237
2011/8/1,0,0,0,0,0,0,2.602261707,14.06788028,2072.90593,1.002114104,0.987563555,1.002440231,1.584554352,5663.219285,4219300.639,1.011706916,1.193772734,1.012487134,7471.590378,31837.76456,3719.711073,3281.281867,1.000875292,0.994639747,1.542932024,1.012610132
2011/9/1,0,0,0,0,0,0,2.593108192,13.745913,2069.435075,1.001787615,0.983717108,1.000405795,1.589413697,5628.398416,3881825.466,1.009170675,1.191165719,1.03236668,7455.097071,31436.7513,3709.879054,3259.569377,0.997820271,0.990859009,1.404882861,1.006859905
2011/10/1,0,0,0,0,0,0,2.581521914,13.43242668,2062.446561,1.001568726,0.980386245,0.998826682,1.58593188,5428.664226,3779391.681,1.006489293,1.175967049,1.057321427,7422.140179,30970.06284,3712.477609,3233.044084,0.995397613,0.988473308,1.183691554,1.000972117
2011/11/1,0,0,0,0,0,0,2.572953067,13.23550746,2056.575833,1.001341865,0.977056459,0.997490981,1.577348077,5104.081584,3848601.95,1.004288011,1.15065363,1.084231317,7408.337745,30554.03352,3727.730138,3212.108734,0.993525308,0.987307189,0.92606924,0.995167289
2011/12/1,0,0,0,0,0,0,2.571478932,13.15854005,2056.781352,1.001117535,0.973508152,0.99627391,1.565111606,4815.467162,4033175.188,1.002790488,1.126306999,1.112019995,7439.97739,30282.16036,3748.828554,3202.105238,0.992259676,0.987734993,0.717431036,0.989895703
2012/1/1,0,0,0,0,0,0,2.576450651,13.06104332,2063.102195,1.000967215,0.970029255,0.995211448,1.554817863,4726.259557,4237284.901,1.00197028,1.115878609,1.139803302,7515.138961,30192.37662,3769.224427,3199.500105,0.991846044,0.99029418,0.60700117,0.985982531
2012/2/1,0,0,0,0,0,0,2.58363395,12.77133059,2069.769088,1.000919133,0.967343037,0.994355401,1.551301699,4892.529614,4393335.322,1.001976317,1.124382397,1.164973778,7620.684345,30250.4059,3782.390706,3198.745611,0.992123496,0.994323587,0.600412506,0.983536409
2012/3/1,0,0,0,0,0,0,2.587722499,12.23932811,2071.191009,1.001051968,0.966750203,0.994097458,1.55503531,5216.732012,4481685.948,1.003149653,1.145766475,1.185557265,7726.668568,30364.23896,3783.659903,3192.984139,0.993310516,0.999090483,0.760434383,0.983025688
2012/4/1,0,0,0,0,0,0,2.582538154,11.5008294,2063.099746,1.00134994,0.96894184,0.994683006,1.567252513,5528.476459,4564996.582,1.005370268,1.169230814,1.199227154,7803.965343,30456.65428,3779.008729,3173.260888,0.995553145,1.003847298,1.141163169,0.984272792
2012/5/1,0,0,0,0,0,0,2.564342122,10.67690799,2043.694958,1.001805972,0.97280843,0.996100511,1.580947279,5705.298097,4745970.445,1.008442658,1.188121286,1.204906718,7843.072825,30487.40386,3776.560508,3140.101853,0.998678552,1.007238521,0.563490418,0.987433936
2012/6/1,0,0,0,0,0,0,2.536030668,9.969633887,2016.673413,1.002331498,0.977683239,0.998158533,1.590161102,5792.942419,5065722.526,1.012199967,1.203224647,1.202355536,7867.336563,30456.58847,3786.241643,3106.944684,1.002208248,1.008432692,0.959917766,0.992740748
2012/7/1,0,0,0,0,0,0,2.506077809,9.535821685,1990.267396,1.002829174,0.983285359,1.000541092,1.597025586,5883.701382,5470858.067,1.015811587,1.216960559,1.19348525,7903.94983,30442.41295,3815.675736,3087.614436,1.005918743,1.007057695,1.158131441,0.999962405
2012/8/1,0,0,0,0,0,0,2.484894711,9.393860844,1973.972331,1.003136558,0.989199389,1.002751649,1.604241225,5984.880065,5871371.314,1.018767139,1.22539362,1.182360794,7968.544228,30459.25046,3866.751848,3088.198098,1.009208771,1.003282634,1.356345115,1.008319433
2012/9/1,0,0,0,0,0,0,2.479950672,9.446071669,1972.322148,1.00304335,0.994345223,1.004376335,1.612608725,5970.77659,6121485.121,1.020860567,1.216761048,1.170689039,8069.726188,30484.3663,3928.383174,3110.943744,1.011747451,0.997742563,46.82868825,1.016876979
2012/10/1,0,0,0,0,0,0,2.490744885,9.572017545,1983.592495,1.002475403,0.99865323,1.005037669,1.627794053,5749.718705,6100482.645,1.021597985,1.184143201,1.159654747,8194.174729,30475.96157,3986.031388,3147.649261,1.013439053,0.99123934,188.2139811,1.025294173
2012/11/1,0,0,0,0,0,0,2.510207243,9.66577258,2001.111372,1.001517382,1.00215449,1.004734396,1.650428395,5258.234523,5824817.452,1.021516925,1.123847315,1.149604036,8318.6861,30419.58214,4027.527792,3190.183975,1.014298934,0.985041731,386.0136645,1.032752827
2012/12/1,0,0,0,0,0,0,2.52687776,9.663991882,2014.768103,1.000373543,1.004684425,1.003757666,1.674154273,4517.880575,5440060.293,1.020984515,1.040826158,1.13927451,8429.037919,30303.58507,4043.815434,3232.727202,1.014405503,0.980612963,539.047511,1.038477901
2013/1/1,0,0,0,0,0,0,2.530966804,9.58261142,2017.307394,0.999271662,1.006238096,1.002451676,1.696587377,3641.207057,5118577.255,1.01982459,0.961365508,1.129943305,8511.80342,30160.57711,4033.039503,3265.287562,1.01397754,0.978230052,563.2656077,1.042007363
2013/2/1,0,0,0,0,0,0,2.519381385,9.434913026,2008.213008,0.998524374,1.007521176,1.001282506,1.713541325,2761.764569,4995044.101,1.018363578,0.915234018,1.124196034,8559.417459,30027.44869,4005.646892,3286.888253,1.013364838,0.978126353,451.460419,1.04379734
2013/3/1,0,0,0,0,0,0,2.495770709,9.317973705,1990.788596,0.998282175,1.008534753,1.000506637,1.724085596,1998.080777,5108086.144,1.017328613,0.91566627,1.122182153,8581.272515,29890.38451,3980.389575,3308.094642,1.012827516,0.980601918,273.3057007,1.043842597
2013/4/1,0,0,0,0,0,0,2.471799458,9.326420341,1972.477524,0.998583301,1.009002867,1.000325537,1.732209485,1462.549692,5379815.062,1.01670873,0.953739787,1.124919523,8604.806634,29759.91679,3967.202159,3341.432221,1.012387764,0.985801004,123.1660613,1.042359302
2013/5/1,0,0,0,0,0,0,2.461513631,9.495628021,1963.068574,0.999339194,1.008395775,1.000682232,1.739963923,1182.374515,5621288.92,1.016667399,0.999412817,1.129927212,8656.021296,29673.8441,3970.136776,3391.675884,1.011914495,0.993539602,50.12038559,1.039156927
2013/6/1,0,0,0,0,0,0,2.472576595,9.785189762,1967.282107,1.000394182,1.006167606,1.001479166,1.749715109,1063.076975,5722704.769,1.017465081,1.025703573,1.135634889,8749.687433,29676.11165,3985.724455,3454.52438,1.011335366,1.003096253,18.88469079,1.034275005
2013/7/1,0,0,0,0,0,0,2.501455512,10.10298066,1982.850238,1.001575084,1.002869623,1.002498508,1.760682197,967.0599189,5705186.129,1.019023472,1.02471884,1.14080804,8885.541485,29771.65478,4001.171857,3521.797376,1.010513363,1.013048514,10.09179742,1.028082144
2013/8/1,0,0,0,0,0,0,2.53839018,10.3228428,2002.640992,1.00264575,0.999091822,1.003395521,1.773087001,893.4589245,5604880.32,1.021364396,1.019226818,1.142975498,9045.637554,29988.08721,4008.300787,3578.960076,1.009520978,1.021646988,5.695350741,1.021266197
2013/9/1,0,0,0,0,0,0,2.56993536,10.31565299,2017.227974,1.003317028,0.995465892,1.003648086,1.787283703,890.0764668,5498653.998,1.023819118,1.047675822,1.142299064,9186.906972,30289.57395,4004.290543,3615.934272,1.00837595,1.027605164,3.497127399,1.014890105
2013/10/1,0,0,0,0,0,0,2.5824701,10.05537394,2017.463585,1.003458242,0.991813397,1.002994649,1.802208918,997.3212269,5421295.59,1.026136525,1.145941072,1.139793771,9268.478756,30638.79891,3994.325268,3628.14502,1.006942983,1.030419098,1.298904058,1.009238888
2013/11/1,0,0,0,0,0,0,2.568867932,9.60655247,1998.88474,1.003172284,0.988736689,1.001642185,1.81676311,1226.689218,5386691.946,1.028135401,1.304629016,1.139595083,9275.441815,30954.77754,3985.66093,3618.546179,1.005407747,1.030298296,0.941111573,1.004411883
2013/12/1,0,0,0,0,0,0,2.532843606,9.099535589,1964.194297,1.00263212,0.987205297,0.999917324,1.835800602,1519.035717,5346955.335,1.029080417,1.471259509,1.144907127,9217.17318,31123.34605,3987.164646,3593.441311,1.004056037,1.027300831,0.638974668,1.000580539
2014/1/1,0,0,0,0,0,0,2.485352264,8.710684142,1921.65021,1.002106585,0.98753746,0.998442774,1.859439918,1770.299764,5273085.492,1.028792653,1.579572201,1.154151894,9135.324489,31075.45668,4003.952513,3567.390456,1.002874707,1.021548066,0.489554332,0.997708368
2014/2/1,0,0,0,0,0,0,2.439357415,8.600054767,1882.730433,1.001746314,0.989719556,0.997619115,1.883047152,1886.82501,5194969.784,1.027356295,1.585974363,1.164897242,9075.647145,30820.85586,4032.921098,3549.790758,1.001977417,1.014234137,0.528049171,0.995829637
2014/3/1,0,0,0,0,0,0,2.407158816,8.720385678,1856.679244,1.001641978,0.993582197,0.997610509,1.906894795,1836.906761,5200561.071,1.025190651,1.493603962,1.174699153,9061.473164,30455.85093,4065.559265,3535.876214,1.001778487,1.007391486,0.809936006,0.995221316
2014/4/1,0,0,0,0,0,0,2.394956463,8.92353484,1848.090773,1.001774662,0.997743233,0.998404841,1.929498933,1656.598431,5376402.691,1.023046072,1.341411308,1.181509709,9096.086387,30073.87702,4098.847988,3517.843363,1.002451895,1.002466309,1.290813377,0.996014305
2014/5/1,0,0,0,0,0,0,2.400710695,9.069856803,1853.962881,1.001979747,1.00164642,0.999837047,1.950615214,1434.696977,5796422.199,1.021530039,1.183391995,1.185684492,9165.488382,29677.18321,4134.547457,3493.522637,1.003974398,1.001084856,1.958814316,0.998482901
2014/6/1,0,0,0,0,0,0,2.417977018,9.020021391,1868.387664,1.001897478,1.005259007,1.001231226,1.969884513,1252.966686,6363158.899,1.020126077,1.059988209,1.188337374,9246.570057,29320.1486,4168.406667,3461.213982,1.00626477,1.004287152,2.571505108,1.001821888
2014/7/1,0,0,0,0,0,0,2.435849386,8.735499793,1882.776454,1.001214594,1.006344986,1.001921871,1.985776373,1122.138701,6891214.958,1.020144104,1.003082086,1.190410617,9320.804848,29125.18638,4197.022507,3431.760225,1.008433589,1.011864422,2.853407144,1.005093912
2014/8/1,0,0,0,0,0,0,2.444062053,8.315579658,1889.844562,0.999827919,1.006063887,1.001717454,2.001044454,991.0259366,7252444.497,1.02104248,1.008089703,1.189173369,9380.239422,29112.23587,4217.43641,3416.179088,1.010612865,1.023057666,2.688928844,1.00856136
2014/9/1,0,0,0,0,0,0,2.439244915,7.906579547,1888.025306,0.998041317,1.005825301,1.000749317,2.01857725,825.2817977,7404663.545,1.022811827,1.040061051,1.18610619,9437.179624,29248.5867,4228.907724,3417.390179,1.012893803,1.036832953,2.138050286,1.012356875
2014/10/1,0,0,0,0,0,0,2.426063397,7.569396889,1880.614406,0.996126955,1.006444244,0.999357066,2.038242459,633.8954393,7378735.499,1.024122775,1.081087107,1.180700371,9499.038584,29479.41323,4231.730861,3433.356047,1.015534907,1.052261288,1.486788601,1.016765106
2014/11/1,0,0,0,0,0,0,2.40818374,7.304213903,1870.901619,0.993919926,1.008474279,0.997488568,2.058125034,444.1254947,7263315.021,1.027052899,1.133640259,1.184920929,9561.836635,29775.79503,4228.119552,3458.934221,1.018553609,1.067263605,0.868894869,1.021246429
2014/12/1,0,0,0,0,0,0,2.386658074,7.115485088,1858.608471,0.9927549,1.008634742,0.996963801,2.079443593,265.6702415,7044681.292,1.033106856,1.190828721,1.179731299,9625.49522,30101.3383,4220.359046,3486.247959,1.021438248,1.088604904,0.284556368,1.027597627
